model,allocation,tie_rule,score,budget,cutoff,global_cutoff_tie_size,global_cutoff_tie_retained,clips,source_groups,N,B,A,E,admitted_clips,zero_retained_clips,risk_pass_clips,joint_pass_clips,high_risk_clips,under_half_coverage_clips,pooled_risk,pooled_risk_ci_lower,pooled_risk_ci_upper,pooled_risk_bootstrap_valid,retention,retention_ci_lower,retention_ci_upper,retention_bootstrap_valid,joint_fraction,joint_fraction_ci_lower,joint_fraction_ci_upper,joint_fraction_bootstrap_valid,compliance_admitted,compliance_admitted_ci_lower,compliance_admitted_ci_upper,compliance_admitted_bootstrap_valid,mean_clip_risk,mean_clip_risk_ci_lower,mean_clip_risk_ci_upper,mean_clip_risk_bootstrap_valid
Combined,global,identity,confidence_deficit,203887,0.89981,1,1,86,53,232272,49141,203887,20756,86,0,63,63,23,7,0.10180148807918112,0.06687797720545495,0.1491028404829585,2000,0.8777941379072811,0.8165424141845639,0.9244307721368382,2000,0.7325581395348837,0.608680963572268,0.8400106382978723,2000,0.7325581395348837,0.608680963572268,0.8400106382978723,2000,0.1576705532218167,0.09350531942730866,0.24050709639079426,2000
Combined,global,identity,entropy,203887,0.024527,2,2,86,53,232272,49141,203887,45206,86,0,52,50,34,5,0.22172085517958476,0.1432890198271194,0.3185138877875426,2000,0.8777941379072811,0.818916506704483,0.926934719317392,2000,0.5813953488372093,0.45,0.717948717948718,2000,0.6046511627906976,0.48148148148148145,0.7294264705882352,2000,0.23531832589762355,0.1558811200154543,0.3292320559063674,2000
Combined,global,identity,negative_area_fraction,203887,-0.0,36051,7666,86,53,232272,49141,203887,20756,86,0,67,67,19,6,0.10180148807918112,0.0492510202458823,0.1852254868267101,2000,0.8777941379072811,0.8217309249036941,0.9225934904978677,2000,0.7790697674418605,0.6562230603448276,0.8842206477732792,2000,0.7790697674418605,0.6562230603448276,0.8842206477732792,2000,0.13504693519056182,0.07250496850566651,0.21773831051115705,2000
Combined,global,sha256,confidence_deficit,203887,0.89981,1,1,86,53,232272,49141,203887,20756,86,0,63,63,23,7,0.10180148807918112,0.06687797720545495,0.1491028404829585,2000,0.8777941379072811,0.8165424141845639,0.9244307721368382,2000,0.7325581395348837,0.608680963572268,0.8400106382978723,2000,0.7325581395348837,0.608680963572268,0.8400106382978723,2000,0.1576705532218167,0.09350531942730866,0.24050709639079426,2000
Combined,global,sha256,entropy,203887,0.024527,2,2,86,53,232272,49141,203887,45206,86,0,52,50,34,5,0.22172085517958476,0.1432890198271194,0.3185138877875426,2000,0.8777941379072811,0.818916506704483,0.926934719317392,2000,0.5813953488372093,0.45,0.717948717948718,2000,0.6046511627906976,0.48148148148148145,0.7294264705882352,2000,0.23531832589762355,0.1558811200154543,0.3292320559063674,2000
Combined,global,sha256,negative_area_fraction,203887,-0.0,36051,7666,86,53,232272,49141,203887,20756,86,0,63,63,23,7,0.10180148807918112,0.06685247965243211,0.15039243894490853,2000,0.8777941379072811,0.8189619057533022,0.9230614740817555,2000,0.7325581395348837,0.608680963572268,0.8400106382978723,2000,0.7325581395348837,0.608680963572268,0.8400106382978723,2000,0.15717775149675456,0.09269193403201512,0.24025747845094594,2000
Combined,half_per_clip,identity,confidence_deficit,203887,,,,86,53,232272,49141,203887,20756,86,0,66,66,20,0,0.10180148807918112,0.06205128990384731,0.1583510822760414,2000,0.8777941379072811,0.8274211971101781,0.9186019872495617,2000,0.7674418604651163,0.6447103750756201,0.8709884201819684,2000,0.7674418604651163,0.6447103750756201,0.8709884201819684,2000,0.14899953298371357,0.08447608445184605,0.23447042994288256,2000
Combined,half_per_clip,identity,entropy,203887,,,,86,53,232272,49141,203887,45195,86,0,53,53,33,0,0.22166690372608355,0.14400331957109547,0.31855711800419023,2000,0.8777941379072811,0.8315318076021111,0.9199366867006284,2000,0.6162790697674418,0.49424949290060854,0.7341772151898734,2000,0.6162790697674418,0.49424949290060854,0.7341772151898734,2000,0.22855302531565844,0.14836152867979097,0.3243127225415742,2000
Combined,half_per_clip,identity,negative_area_fraction,203887,,,,86,53,232272,49141,203887,20756,86,0,67,67,19,0,0.10180148807918112,0.05972468602727642,0.16018420201112737,2000,0.8777941379072811,0.828137549330647,0.9196481738032057,2000,0.7790697674418605,0.6562230603448276,0.8842206477732792,2000,0.7790697674418605,0.6562230603448276,0.8842206477732792,2000,0.14628420081657165,0.08131030705319035,0.23012112898652484,2000
Combined,half_per_clip,sha256,confidence_deficit,203887,,,,86,53,232272,49141,203887,20756,86,0,66,66,20,0,0.10180148807918112,0.06205128990384731,0.1583510822760414,2000,0.8777941379072811,0.8274211971101781,0.9186019872495617,2000,0.7674418604651163,0.6447103750756201,0.8709884201819684,2000,0.7674418604651163,0.6447103750756201,0.8709884201819684,2000,0.14899953298371357,0.08447608445184605,0.23447042994288256,2000
Combined,half_per_clip,sha256,entropy,203887,,,,86,53,232272,49141,203887,45195,86,0,53,53,33,0,0.22166690372608355,0.14400331957109547,0.31855711800419023,2000,0.8777941379072811,0.8315318076021111,0.9199366867006284,2000,0.6162790697674418,0.49424949290060854,0.7341772151898734,2000,0.6162790697674418,0.49424949290060854,0.7341772151898734,2000,0.22855302531565844,0.14836152867979097,0.3243127225415742,2000
Combined,half_per_clip,sha256,negative_area_fraction,203887,,,,86,53,232272,49141,203887,20756,86,0,64,64,22,0,0.10180148807918112,0.06219362926636859,0.1587347426800296,2000,0.8777941379072811,0.8275775191705881,0.918678970370193,2000,0.7441860465116279,0.6184099645180366,0.8518518518518519,2000,0.7441860465116279,0.6184099645180366,0.8518518518518519,2000,0.1492170280460388,0.08492550651848456,0.2343049405433845,2000
PraNet,global,identity,confidence_deficit,101943,0.957559,1,1,86,53,116136,26299,101943,12106,86,0,61,61,25,6,0.11875263627713527,0.07929620319054766,0.17151490504316358,2000,0.8777898326100434,0.814863710375376,0.9264856758366953,2000,0.7093023255813954,0.5810602268935602,0.8192951807228914,2000,0.7093023255813954,0.5810602268935602,0.8192951807228914,2000,0.18068690571426274,0.11026170632628368,0.27120229400589113,2000
PraNet,global,identity,entropy,101943,0.027066,2,1,86,53,116136,26299,101943,24294,86,0,52,50,34,4,0.23830964362437834,0.15661254042221692,0.34025546875407336,2000,0.8777898326100434,0.8154189757742448,0.9292189883618773,2000,0.5813953488372093,0.4470588235294118,0.7045454545454546,2000,0.6046511627906976,0.47776515151515153,0.7237080472921433,2000,0.24648276899959304,0.16616984740067722,0.34320067845618113,2000
PraNet,global,identity,negative_area_fraction,101943,-0.0,20250,6057,86,53,116136,26299,101943,12106,86,0,63,63,23,7,0.11875263627713527,0.05747112277299723,0.2070458662385643,2000,0.8777898326100434,0.8181461881142036,0.9248503590567437,2000,0.7325581395348837,0.6086681342872867,0.8461764705882352,2000,0.7325581395348837,0.6086681342872867,0.8461764705882352,2000,0.15547552077209592,0.08826441773378389,0.24564722352593213,2000
PraNet,global,sha256,confidence_deficit,101943,0.957559,1,1,86,53,116136,26299,101943,12106,86,0,61,61,25,6,0.11875263627713527,0.07929620319054766,0.17151490504316358,2000,0.8777898326100434,0.814863710375376,0.9264856758366953,2000,0.7093023255813954,0.5810602268935602,0.8192951807228914,2000,0.7093023255813954,0.5810602268935602,0.8192951807228914,2000,0.18068690571426274,0.11026170632628368,0.27120229400589113,2000
PraNet,global,sha256,entropy,101943,0.027066,2,1,86,53,116136,26299,101943,24294,86,0,52,50,34,4,0.23830964362437834,0.15661254042221692,0.34025546875407336,2000,0.8777898326100434,0.8154189757742448,0.9292189883618773,2000,0.5813953488372093,0.4470588235294118,0.7045454545454546,2000,0.6046511627906976,0.47776515151515153,0.7237080472921433,2000,0.24648276899959304,0.16616984740067722,0.34320067845618113,2000
PraNet,global,sha256,negative_area_fraction,101943,-0.0,20250,6057,86,53,116136,26299,101943,12106,86,0,61,61,25,7,0.11875263627713527,0.07878508549955916,0.17314026806368152,2000,0.8777898326100434,0.8200226519409886,0.922255485301702,2000,0.7093023255813954,0.5810602268935602,0.8192951807228914,2000,0.7093023255813954,0.5810602268935602,0.8192951807228914,2000,0.17682327348118101,0.1077410653973142,0.26728271365381573,2000
PraNet,half_per_clip,identity,confidence_deficit,101943,,,,86,53,116136,26299,101943,12106,86,0,64,64,22,0,0.11875263627713527,0.07490760607255985,0.1796828920153248,2000,0.8777898326100434,0.8286312805792744,0.9178696331790027,2000,0.7441860465116279,0.6153645833333333,0.8552671211160431,2000,0.7441860465116279,0.6153645833333333,0.8552671211160431,2000,0.16772235631441676,0.09816841541656365,0.2577147020015725,2000
PraNet,half_per_clip,identity,entropy,101943,,,,86,53,116136,26299,101943,24236,86,0,51,51,35,0,0.23774069823332647,0.15635678844318188,0.3385553213629493,2000,0.8777898326100434,0.828591184517082,0.9226560730907628,2000,0.5930232558139535,0.46511627906976744,0.7066767676767676,2000,0.5930232558139535,0.46511627906976744,0.7066767676767676,2000,0.24127697909454607,0.16062831815487183,0.34052728123970727,2000
PraNet,half_per_clip,identity,negative_area_fraction,101943,,,,86,53,116136,26299,101943,12106,86,0,68,68,18,0,0.11875263627713527,0.06372370110060685,0.19885294857738436,2000,0.8777898326100434,0.8344944022430502,0.9140164226208384,2000,0.7906976744186046,0.6741401054803944,0.8961038961038961,2000,0.7906976744186046,0.6741401054803944,0.8961038961038961,2000,0.1562818722004081,0.08570607936079791,0.24702090523175851,2000
PraNet,half_per_clip,sha256,confidence_deficit,101943,,,,86,53,116136,26299,101943,12106,86,0,64,64,22,0,0.11875263627713527,0.07490760607255985,0.1796828920153248,2000,0.8777898326100434,0.8286312805792744,0.9178696331790027,2000,0.7441860465116279,0.6153645833333333,0.8552671211160431,2000,0.7441860465116279,0.6153645833333333,0.8552671211160431,2000,0.16772235631441676,0.09816841541656365,0.2577147020015725,2000
PraNet,half_per_clip,sha256,entropy,101943,,,,86,53,116136,26299,101943,24237,86,0,51,51,35,0,0.23775050763662045,0.15636671116011802,0.3385896913100321,2000,0.8777898326100434,0.8285833195841961,0.9226641384074196,2000,0.5930232558139535,0.46511627906976744,0.7066767676767676,2000,0.5930232558139535,0.46511627906976744,0.7066767676767676,2000,0.24128140947090185,0.160632338749933,0.34053701865236613,2000
PraNet,half_per_clip,sha256,negative_area_fraction,101943,,,,86,53,116136,26299,101943,12106,86,0,63,63,23,0,0.11875263627713527,0.07496724108478506,0.1803322920050129,2000,0.8777898326100434,0.828266268220304,0.9177614851500604,2000,0.7325581395348837,0.6025602409638554,0.8421200473092844,2000,0.7325581395348837,0.6025602409638554,0.8421200473092844,2000,0.1688426662053289,0.09933236938626913,0.2582747149918752,2000
UACANet,global,identity,confidence_deficit,101943,0.734811,1,1,86,53,116136,22842,101943,8649,86,0,65,65,21,8,0.08484152908978547,0.053201598178551926,0.12722020628377323,2000,0.8777898326100434,0.8178911654729708,0.9255334266531985,2000,0.7558139534883721,0.6374965659340659,0.8571428571428571,2000,0.7558139534883721,0.6374965659340659,0.8571428571428571,2000,0.13712459987286144,0.07661723958531047,0.21441539920246544,2000
UACANet,global,identity,entropy,101943,0.022273,1,1,86,53,116136,22842,101943,20879,86,0,54,52,32,5,0.20481053137537644,0.12921717925761772,0.29883083221044876,2000,0.8777898326100434,0.8207270879140031,0.9247130348230269,2000,0.6046511627906976,0.47368421052631576,0.734045919741449,2000,0.627906976744186,0.5,0.747260748959778,2000,0.2271405996485032,0.1464886896814982,0.32107471318165065,2000
UACANet,global,identity,negative_area_fraction,101943,-0.0,15801,1608,86,53,116136,22842,101943,8649,86,0,66,65,20,8,0.08484152908978547,0.0497099786736701,0.13557190345054815,2000,0.8777898326100434,0.8207608001268921,0.9253449336607522,2000,0.7558139534883721,0.6352901430842607,0.8636503928170595,2000,0.7674418604651163,0.6477105614973262,0.8705977229601518,2000,0.12839326525510855,0.07035641372173793,0.20227992493433106,2000
UACANet,global,sha256,confidence_deficit,101943,0.734811,1,1,86,53,116136,22842,101943,8649,86,0,65,65,21,8,0.08484152908978547,0.053201598178551926,0.12722020628377323,2000,0.8777898326100434,0.8178911654729708,0.9255334266531985,2000,0.7558139534883721,0.6374965659340659,0.8571428571428571,2000,0.7558139534883721,0.6374965659340659,0.8571428571428571,2000,0.13712459987286144,0.07661723958531047,0.21441539920246544,2000
UACANet,global,sha256,entropy,101943,0.022273,1,1,86,53,116136,22842,101943,20879,86,0,54,52,32,5,0.20481053137537644,0.12921717925761772,0.29883083221044876,2000,0.8777898326100434,0.8207270879140031,0.9247130348230269,2000,0.6046511627906976,0.47368421052631576,0.734045919741449,2000,0.627906976744186,0.5,0.747260748959778,2000,0.2271405996485032,0.1464886896814982,0.32107471318165065,2000
UACANet,global,sha256,negative_area_fraction,101943,-0.0,15801,1608,86,53,116136,22842,101943,8649,86,0,65,65,21,8,0.08484152908978547,0.05359859123702898,0.12693173039563077,2000,0.8777898326100434,0.8179520219001082,0.925114070513269,2000,0.7558139534883721,0.6374965659340659,0.8571428571428571,2000,0.7558139534883721,0.6374965659340659,0.8571428571428571,2000,0.13810411407916667,0.07753321023773706,0.215552296971222,2000
UACANet,half_per_clip,identity,confidence_deficit,101943,,,,86,53,116136,22842,101943,8650,86,0,69,69,17,0,0.08485133849307946,0.04817814247664047,0.13801075424123554,2000,0.8777898326100434,0.8262192711014821,0.9206804076656611,2000,0.8023255813953488,0.6818181818181818,0.9042679837892603,2000,0.8023255813953488,0.6818181818181818,0.9042679837892603,2000,0.1296858448044297,0.06745097866667427,0.20934711193595676,2000
UACANet,half_per_clip,identity,entropy,101943,,,,86,53,116136,22842,101943,20993,86,0,54,54,32,0,0.20592880335089217,0.13055774408579915,0.2998614027221397,2000,0.8777898326100434,0.8346079321711123,0.9177464193283436,2000,0.627906976744186,0.5,0.747260748959778,2000,0.627906976744186,0.5,0.747260748959778,2000,0.21634415327093287,0.13796709818899827,0.30993659618451797,2000
UACANet,half_per_clip,identity,negative_area_fraction,101943,,,,86,53,116136,22842,101943,8649,86,0,69,69,17,0,0.08484152908978547,0.04805944758837795,0.13804089540349637,2000,0.8777898326100434,0.8263557439781737,0.9207216826094226,2000,0.8023255813953488,0.6818181818181818,0.9042679837892603,2000,0.8023255813953488,0.6818181818181818,0.9042679837892603,2000,0.12986117372925168,0.06739956844845507,0.20948371083534878,2000
UACANet,half_per_clip,sha256,confidence_deficit,101943,,,,86,53,116136,22842,101943,8650,86,0,69,69,17,0,0.08485133849307946,0.04817814247664047,0.13801075424123554,2000,0.8777898326100434,0.8262192711014821,0.9206804076656611,2000,0.8023255813953488,0.6818181818181818,0.9042679837892603,2000,0.8023255813953488,0.6818181818181818,0.9042679837892603,2000,0.1296858448044297,0.06745097866667427,0.20934711193595676,2000
UACANet,half_per_clip,sha256,entropy,101943,,,,86,53,116136,22842,101943,20993,86,0,54,54,32,0,0.20592880335089217,0.13055774408579915,0.2998614027221397,2000,0.8777898326100434,0.8346079321711123,0.9177464193283436,2000,0.627906976744186,0.5,0.747260748959778,2000,0.627906976744186,0.5,0.747260748959778,2000,0.21634415327093287,0.13796709818899827,0.30993659618451797,2000
UACANet,half_per_clip,sha256,negative_area_fraction,101943,,,,86,53,116136,22842,101943,8649,86,0,69,69,17,0,0.08484152908978547,0.04805944758837795,0.13804089540349637,2000,0.8777898326100434,0.8263557439781737,0.9207216826094226,2000,0.8023255813953488,0.6818181818181818,0.9042679837892603,2000,0.8023255813953488,0.6818181818181818,0.9042679837892603,2000,0.12986117372925168,0.06739956844845507,0.20948371083534878,2000
