model_group,clip_id,total_observations,failures_before,retained_observations,retained_failures,minimum_risk_at_same_clip_retention,rejected_failures,rejected_observations,in_reference_failure_set
UACANet,case10_1,1704,547,1378,221,0.16037735849056603,326,326,False
UACANet,case11,904,19,890,5,0.0056179775280898875,14,14,False
UACANet,case12_2,1984,378,1778,172,0.09673790776152981,206,206,False
UACANet,case13_1,784,112,769,97,0.12613784135240572,15,15,False
UACANet,case13_3,1408,17,1406,15,0.010668563300142247,2,2,False
UACANet,case14_2,1200,1182,594,576,0.9696969696969697,606,606,True
UACANet,case14_4,1160,993,727,560,0.7702888583218707,433,433,True
UACANet,case14_6,1600,1520,591,511,0.8646362098138748,1009,1009,True
UACANet,case1_2,1728,0,1728,0,0.0,0,0,False
UACANet,case20_7,1360,466,1177,283,0.24044180118946473,183,183,False
UACANet,case20_9,1200,310,1022,132,0.12915851272015655,178,178,False
UACANet,case24_1,1200,6,1199,5,0.004170141784820684,1,1,False
UACANet,case24_3,1216,0,1216,0,0.0,0,0,False
UACANet,case24_5,1200,6,1197,3,0.002506265664160401,3,3,False
UACANet,case25_2,1088,24,1084,20,0.01845018450184502,4,4,False
UACANet,case29_1,1712,203,1635,126,0.07706422018348624,77,77,False
UACANet,case2_3,1200,0,1200,0,0.0,0,0,False
UACANet,case2_6,792,0,792,0,0.0,0,0,False
UACANet,case2_9,896,0,896,0,0.0,0,0,False
UACANet,case31,1464,8,1464,8,0.00546448087431694,0,0,False
UACANet,case32_2,800,1,800,1,0.00125,0,0,False
UACANet,case32_4,1480,179,1391,90,0.06470165348670022,89,89,False
UACANet,case32_6,1368,20,1366,18,0.013177159590043924,2,2,False
UACANet,case34_2,992,7,991,6,0.006054490413723511,1,1,False
UACANet,case35_2,720,0,720,0,0.0,0,0,False
UACANet,case35_8,928,228,927,227,0.24487594390507011,1,1,False
UACANet,case36_2,1200,913,865,578,0.6682080924855491,335,335,True
UACANet,case36_4,1024,962,484,422,0.871900826446281,540,540,True
UACANet,case37_2,1272,98,1236,62,0.05016181229773463,36,36,False
UACANet,case38_2,2032,875,1697,540,0.3182086034177961,335,335,False
UACANet,case39_2,2160,154,2124,118,0.05555555555555555,36,36,False
UACANet,case3_1,1584,95,1542,53,0.03437094682230869,42,42,False
UACANet,case40,1272,242,1153,123,0.10667823070251518,119,119,False
UACANet,case43,2080,104,2014,38,0.018867924528301886,66,66,False
UACANet,case47_2,1200,53,1182,35,0.02961082910321489,18,18,False
UACANet,case47_4,1064,0,1064,0,0.0,0,0,False
UACANet,case48,1408,267,1287,146,0.11344211344211344,121,121,False
UACANet,case50_2,1200,5,1198,3,0.0025041736227045075,2,2,False
UACANet,case50_4,1896,111,1846,61,0.03304442036836403,50,50,False
UACANet,case51_10,1744,20,1742,18,0.010332950631458095,2,2,False
UACANet,case51_3,1680,93,1632,45,0.027573529411764705,48,48,False
UACANet,case51_5,1200,106,1141,47,0.04119193689745837,59,59,False
UACANet,case51_7,1072,282,846,56,0.06619385342789598,226,226,False
UACANet,case51_9,1200,354,1127,281,0.24933451641526175,73,73,False
UACANet,case54_1,1688,845,1080,237,0.21944444444444444,608,608,True
UACANet,case56_1,1200,51,1180,31,0.026271186440677965,20,20,False
UACANet,case5_4,1200,1,1200,1,0.0008333333333333334,0,0,False
UACANet,case60,1168,615,1003,450,0.44865403788634095,165,165,True
UACANet,case61_3,1768,132,1729,93,0.05378831694621168,39,39,False
UACANet,case63_3,1384,17,1382,15,0.01085383502170767,2,2,False
UACANet,case66_2,2584,2,2584,2,0.0007739938080495357,0,0,False
UACANet,case66_4,1888,0,1888,0,0.0,0,0,False
UACANet,case66_6,1072,0,1072,0,0.0,0,0,False
UACANet,case66_9,1600,0,1600,0,0.0,0,0,False
UACANet,case68_1,1312,158,1259,105,0.08339952343129468,53,53,False
UACANet,case68_3,1304,376,1145,217,0.18951965065502183,159,159,False
UACANet,case68_5,1200,80,1179,59,0.05004240882103478,21,21,False
UACANet,case68_7,1840,176,1787,123,0.06883044208170118,53,53,False
UACANet,case6_3,1680,1464,688,472,0.686046511627907,992,992,True
UACANet,case71_1,1024,229,916,121,0.13209606986899564,108,108,False
UACANet,case71_5,1808,33,1784,9,0.005044843049327354,24,24,False
UACANet,case72_3,832,0,832,0,0.0,0,0,False
UACANet,case74_1,1256,494,993,231,0.2326283987915408,263,263,False
UACANet,case75_1,1200,87,1146,33,0.028795811518324606,54,54,False
UACANet,case7_2,1048,40,1026,18,0.017543859649122806,22,22,False
UACANet,case80_2,1200,0,1200,0,0.0,0,0,False
UACANet,case80_4,1200,0,1200,0,0.0,0,0,False
UACANet,case80_6,1200,0,1200,0,0.0,0,0,False
UACANet,case80_8,1160,0,1160,0,0.0,0,0,False
UACANet,case81_2,2192,57,2151,16,0.007438400743840074,41,41,False
UACANet,case83_3,1072,0,1072,0,0.0,0,0,False
UACANet,case85_7,1200,522,831,153,0.18411552346570398,369,369,False
UACANet,case86_1,1200,29,1176,5,0.004251700680272109,24,24,False
UACANet,case89,1192,152,1188,148,0.12457912457912458,4,4,False
UACANet,case8_2,1128,6,1128,6,0.005319148936170213,0,0,False
UACANet,case90_1,1200,0,1200,0,0.0,0,0,False
UACANet,case91_1,1200,631,937,368,0.3927427961579509,263,263,True
UACANet,case91_3,1200,1070,582,452,0.7766323024054983,618,618,True
UACANet,case91_5,1200,659,865,324,0.3745664739884393,335,335,False
UACANet,case91_7,1872,154,1804,86,0.04767184035476718,68,68,False
UACANet,case93_2,1880,183,1784,87,0.04876681614349776,96,96,False
UACANet,case95_1,2072,392,1948,268,0.1375770020533881,124,124,False
UACANet,case95_3,1200,1178,191,169,0.8848167539267016,1009,1009,True
UACANet,case96_1,920,591,476,147,0.3088235294117647,444,444,True
UACANet,case97_1,1200,1075,647,522,0.8068006182380216,553,553,True
UACANet,case97_3,1016,383,920,287,0.3119565217391304,96,96,False
PraNet,case10_1,1704,810,1363,469,0.34409391049156274,341,341,False
PraNet,case11,904,50,877,23,0.026225769669327253,27,27,False
PraNet,case12_2,1984,491,1663,170,0.10222489476849068,321,321,False
PraNet,case13_1,784,107,778,101,0.12982005141388175,6,6,False
PraNet,case13_3,1408,17,1404,13,0.009259259259259259,4,4,False
PraNet,case14_2,1200,1194,159,153,0.9622641509433962,1041,1041,True
PraNet,case14_4,1160,1121,503,464,0.9224652087475149,657,657,True
PraNet,case14_6,1600,1578,394,372,0.9441624365482234,1206,1206,True
PraNet,case1_2,1728,3,1725,0,0.0,3,3,False
PraNet,case20_7,1360,474,1099,213,0.19381255686988172,261,261,False
PraNet,case20_9,1200,300,998,98,0.09819639278557114,202,202,False
PraNet,case24_1,1200,172,1178,150,0.1273344651952462,22,22,False
PraNet,case24_3,1216,0,1216,0,0.0,0,0,False
PraNet,case24_5,1200,49,1188,37,0.031144781144781145,12,12,False
PraNet,case25_2,1088,77,1063,52,0.04891815616180621,25,25,False
PraNet,case29_1,1712,260,1577,125,0.07926442612555486,135,135,False
PraNet,case2_3,1200,0,1200,0,0.0,0,0,False
PraNet,case2_6,792,0,792,0,0.0,0,0,False
PraNet,case2_9,896,0,896,0,0.0,0,0,False
PraNet,case31,1464,50,1461,47,0.03216974674880219,3,3,False
PraNet,case32_2,800,6,800,6,0.0075,0,0,False
PraNet,case32_4,1480,280,1371,171,0.12472647702407003,109,109,False
PraNet,case32_6,1368,16,1360,8,0.0058823529411764705,8,8,False
PraNet,case34_2,992,19,991,18,0.018163471241170535,1,1,False
PraNet,case35_2,720,0,720,0,0.0,0,0,False
PraNet,case35_8,928,141,912,125,0.13706140350877194,16,16,False
PraNet,case36_2,1200,886,843,529,0.627520759193357,357,357,True
PraNet,case36_4,1024,1002,790,768,0.9721518987341772,234,234,True
PraNet,case37_2,1272,115,1232,75,0.060876623376623376,40,40,False
PraNet,case38_2,2032,677,1651,296,0.17928528164748636,381,381,False
PraNet,case39_2,2160,363,2028,231,0.11390532544378698,132,132,False
PraNet,case3_1,1584,219,1475,110,0.07457627118644068,109,109,False
PraNet,case40,1272,401,1007,136,0.13505461767626614,265,265,False
PraNet,case43,2080,165,1944,29,0.014917695473251029,136,136,False
PraNet,case47_2,1200,65,1167,32,0.027420736932305057,33,33,False
PraNet,case47_4,1064,0,1064,0,0.0,0,0,False
PraNet,case48,1408,382,1158,132,0.11398963730569948,250,250,False
PraNet,case50_2,1200,9,1200,9,0.0075,0,0,False
PraNet,case50_4,1896,162,1845,111,0.06016260162601626,51,51,False
PraNet,case51_10,1744,44,1740,40,0.022988505747126436,4,4,False
PraNet,case51_3,1680,209,1582,111,0.07016434892541087,98,98,False
PraNet,case51_5,1200,115,1136,51,0.0448943661971831,64,64,False
PraNet,case51_7,1072,278,849,55,0.06478209658421673,223,223,False
PraNet,case51_9,1200,263,1159,222,0.1915444348576359,41,41,False
PraNet,case54_1,1688,865,976,153,0.1567622950819672,712,712,True
PraNet,case56_1,1200,75,1171,46,0.03928266438941076,29,29,False
PraNet,case5_4,1200,18,1195,13,0.010878661087866108,5,5,False
PraNet,case60,1168,1043,572,447,0.7814685314685315,596,596,True
PraNet,case61_3,1768,71,1739,42,0.024151811385853938,29,29,False
PraNet,case63_3,1384,51,1365,32,0.023443223443223443,19,19,False
PraNet,case66_2,2584,16,2581,13,0.005036807438977141,3,3,False
PraNet,case66_4,1888,0,1888,0,0.0,0,0,False
PraNet,case66_6,1072,0,1072,0,0.0,0,0,False
PraNet,case66_9,1600,8,1595,3,0.0018808777429467085,5,5,False
PraNet,case68_1,1312,80,1303,71,0.05448963929393707,9,9,False
PraNet,case68_3,1304,208,1225,129,0.10530612244897959,79,79,False
PraNet,case68_5,1200,29,1198,27,0.022537562604340568,2,2,False
PraNet,case68_7,1840,510,1560,230,0.14743589743589744,280,280,False
PraNet,case6_3,1680,1668,171,159,0.9298245614035088,1509,1509,True
PraNet,case71_1,1024,418,781,175,0.22407170294494239,243,243,False
PraNet,case71_5,1808,56,1769,17,0.009609949123798756,39,39,False
PraNet,case72_3,832,0,832,0,0.0,0,0,False
PraNet,case74_1,1256,617,802,163,0.20324189526184538,454,454,False
PraNet,case75_1,1200,256,1005,61,0.06069651741293532,195,195,False
PraNet,case7_2,1048,58,1013,23,0.022704837117472853,35,35,False
PraNet,case80_2,1200,11,1194,5,0.0041876046901172526,6,6,False
PraNet,case80_4,1200,0,1200,0,0.0,0,0,False
PraNet,case80_6,1200,0,1200,0,0.0,0,0,False
PraNet,case80_8,1160,6,1157,3,0.0025929127052722557,3,3,False
PraNet,case81_2,2192,62,2140,10,0.004672897196261682,52,52,False
PraNet,case83_3,1072,0,1072,0,0.0,0,0,False
PraNet,case85_7,1200,547,870,217,0.24942528735632183,330,330,False
PraNet,case86_1,1200,170,1060,30,0.02830188679245283,140,140,False
PraNet,case89,1192,112,1182,102,0.08629441624365482,10,10,False
PraNet,case8_2,1128,0,1128,0,0.0,0,0,False
PraNet,case90_1,1200,42,1174,16,0.013628620102214651,26,26,False
PraNet,case91_1,1200,831,586,217,0.3703071672354949,614,614,True
PraNet,case91_3,1200,1148,278,226,0.8129496402877698,922,922,True
PraNet,case91_5,1200,401,1077,278,0.25812441968430827,123,123,False
PraNet,case91_7,1872,216,1773,117,0.06598984771573604,99,99,False
PraNet,case93_2,1880,196,1750,66,0.037714285714285714,130,130,False
PraNet,case95_1,2072,607,1746,281,0.1609392898052692,326,326,False
PraNet,case95_3,1200,1200,27,27,1.0,1173,1173,True
PraNet,case96_1,920,629,416,125,0.3004807692307692,504,504,True
PraNet,case97_1,1200,1050,453,303,0.6688741721854304,747,747,True
PraNet,case97_3,1016,454,774,212,0.2739018087855297,242,242,False
Combined,case10_1,3408,1357,2741,690,0.2517329441809559,667,667,False
Combined,case11,1808,69,1768,29,0.016402714932126698,40,40,False
Combined,case12_2,3968,869,3439,340,0.09886594940389648,529,529,False
Combined,case13_1,1568,219,1547,198,0.1279896574014221,21,21,False
Combined,case13_3,2816,34,2810,28,0.0099644128113879,6,6,False
Combined,case14_2,2400,2376,752,728,0.9680851063829787,1648,1648,True
Combined,case14_4,2320,2114,1235,1029,0.8331983805668016,1085,1085,True
Combined,case14_6,3200,3098,990,888,0.896969696969697,2210,2210,True
Combined,case1_2,3456,3,3453,0,0.0,3,3,False
Combined,case20_7,2720,940,2275,495,0.2175824175824176,445,445,False
Combined,case20_9,2400,610,2020,230,0.11386138613861387,380,380,False
Combined,case24_1,2400,178,2377,155,0.06520824568784182,23,23,False
Combined,case24_3,2432,0,2432,0,0.0,0,0,False
Combined,case24_5,2400,55,2385,40,0.016771488469601678,15,15,False
Combined,case25_2,2176,101,2148,73,0.03398510242085661,28,28,False
Combined,case29_1,3424,463,3214,253,0.07871810827629122,210,210,False
Combined,case2_3,2400,0,2400,0,0.0,0,0,False
Combined,case2_6,1584,0,1584,0,0.0,0,0,False
Combined,case2_9,1792,0,1792,0,0.0,0,0,False
Combined,case31,2928,58,2925,55,0.018803418803418803,3,3,False
Combined,case32_2,1600,7,1600,7,0.004375,0,0,False
Combined,case32_4,2960,459,2762,261,0.0944967414916727,198,198,False
Combined,case32_6,2736,36,2726,26,0.009537784299339692,10,10,False
Combined,case34_2,1984,26,1982,24,0.012108980827447022,2,2,False
Combined,case35_2,1440,0,1440,0,0.0,0,0,False
Combined,case35_8,1856,369,1839,352,0.1914083741163676,17,17,False
Combined,case36_2,2400,1799,1708,1107,0.6481264637002342,692,692,True
Combined,case36_4,2048,1964,1274,1190,0.9340659340659341,774,774,True
Combined,case37_2,2544,213,2468,137,0.05551053484602917,76,76,False
Combined,case38_2,4064,1552,3347,835,0.24947714371078578,717,717,False
Combined,case39_2,4320,517,4152,349,0.08405587668593449,168,168,False
Combined,case3_1,3168,314,3017,163,0.054027179317202516,151,151,False
Combined,case40,2544,643,2160,259,0.11990740740740741,384,384,False
Combined,case43,4160,269,3958,67,0.016927741283476502,202,202,False
Combined,case47_2,2400,118,2349,67,0.02852277564921243,51,51,False
Combined,case47_4,2128,0,2128,0,0.0,0,0,False
Combined,case48,2816,649,2445,278,0.11370143149284254,371,371,False
Combined,case50_2,2400,14,2398,12,0.0050041701417848205,2,2,False
Combined,case50_4,3792,273,3692,173,0.04685807150595883,100,100,False
Combined,case51_10,3488,64,3483,59,0.016939420040195233,5,5,False
Combined,case51_3,3360,302,3214,156,0.04853764779091475,146,146,False
Combined,case51_5,2400,221,2277,98,0.043039086517347384,123,123,False
Combined,case51_7,2144,560,1694,110,0.06493506493506493,450,450,False
Combined,case51_9,2400,617,2287,504,0.22037603847835593,113,113,False
Combined,case54_1,3376,1710,2056,390,0.18968871595330739,1320,1320,True
Combined,case56_1,2400,126,2351,77,0.0327520204168439,49,49,False
Combined,case5_4,2400,19,2395,14,0.005845511482254697,5,5,False
Combined,case60,2336,1658,1575,897,0.5695238095238095,761,761,True
Combined,case61_3,3536,203,3468,135,0.03892733564013841,68,68,False
Combined,case63_3,2768,68,2747,47,0.017109574080815437,21,21,False
Combined,case66_2,5168,18,5165,15,0.002904162633107454,3,3,False
Combined,case66_4,3776,0,3776,0,0.0,0,0,False
Combined,case66_6,2144,0,2144,0,0.0,0,0,False
Combined,case66_9,3200,8,3195,3,0.0009389671361502347,5,5,False
Combined,case68_1,2624,238,2562,176,0.06869633099141297,62,62,False
Combined,case68_3,2608,584,2369,345,0.14563106796116504,239,239,False
Combined,case68_5,2400,109,2377,86,0.0361800588977703,23,23,False
Combined,case68_7,3680,686,3348,354,0.1057347670250896,332,332,False
Combined,case6_3,3360,3132,856,628,0.7336448598130841,2504,2504,True
Combined,case71_1,2048,647,1698,297,0.17491166077738515,350,350,False
Combined,case71_5,3616,89,3553,26,0.007317759639741064,63,63,False
Combined,case72_3,1664,0,1664,0,0.0,0,0,False
Combined,case74_1,2512,1111,1796,395,0.21993318485523386,716,716,False
Combined,case75_1,2400,343,2150,93,0.04325581395348837,250,250,False
Combined,case7_2,2096,98,2039,41,0.020107896027464444,57,57,False
Combined,case80_2,2400,11,2394,5,0.0020885547201336674,6,6,False
Combined,case80_4,2400,0,2400,0,0.0,0,0,False
Combined,case80_6,2400,0,2400,0,0.0,0,0,False
Combined,case80_8,2320,6,2317,3,0.001294777729823047,3,3,False
Combined,case81_2,4384,119,4291,26,0.006059193661151247,93,93,False
Combined,case83_3,2144,0,2144,0,0.0,0,0,False
Combined,case85_7,2400,1069,1701,370,0.2175191064079953,699,699,False
Combined,case86_1,2400,199,2236,35,0.015652951699463326,164,164,False
Combined,case89,2384,264,2370,250,0.10548523206751055,14,14,False
Combined,case8_2,2256,6,2256,6,0.0026595744680851063,0,0,False
Combined,case90_1,2400,42,2375,17,0.007157894736842105,25,25,False
Combined,case91_1,2400,1462,1524,586,0.38451443569553806,876,876,True
Combined,case91_3,2400,2218,859,677,0.7881257275902211,1541,1541,True
Combined,case91_5,2400,1060,1940,600,0.30927835051546393,460,460,False
Combined,case91_7,3744,370,3577,203,0.05675146771037182,167,167,False
Combined,case93_2,3760,379,3534,153,0.0432937181663837,226,226,False
Combined,case95_1,4144,999,3695,550,0.14884979702300405,449,449,False
Combined,case95_3,2400,2378,217,195,0.8986175115207373,2183,2183,True
Combined,case96_1,1840,1220,891,271,0.3041526374859708,949,949,True
Combined,case97_1,2400,2125,1100,825,0.75,1300,1300,True
Combined,case97_3,2032,837,1695,500,0.2949852507374631,337,337,False
