scheme,model,scan_rule,direction,tau,calibration_clips,calibration_groups,shared_source_groups,fitting_visited_count,fitting_visited_errors,fitting_actual_count,fitting_actual_errors,fitting_actual_risk,fitting_tie_expansion,fitting_actual_meets_target,clips,source_groups,N,B,A,E,admitted_clips,zero_retained_clips,risk_pass_clips,joint_pass_clips,high_risk_clips,under_half_coverage_clips,pooled_risk,pooled_risk_ci_lower,pooled_risk_ci_upper,pooled_risk_bootstrap_valid,retention,retention_ci_lower,retention_ci_upper,retention_bootstrap_valid,joint_fraction,joint_fraction_ci_lower,joint_fraction_ci_upper,joint_fraction_bootstrap_valid,compliance_admitted,compliance_admitted_ci_lower,compliance_admitted_ci_upper,compliance_admitted_bootstrap_valid,mean_clip_risk,mean_clip_risk_ci_lower,mean_clip_risk_ci_upper,mean_clip_risk_bootstrap_valid,fitting
historical_clip,Combined,prefix,A,0.899815,87,57,41,214835,21483,214835,21483,0.0999976726324854,0,True,86,53,232272,49141,203887,20756,86,0,63,63,23,7,0.10180148807918112,0.06687797720545495,0.1491028404829585,2000,0.8777941379072811,0.8165424141845639,0.9244307721368382,2000,0.7325581395348837,0.608680963572268,0.8400106382978723,2000,0.7325581395348837,0.608680963572268,0.8400106382978723,2000,0.1576705532218167,0.09350531942730866,0.24050709639079426,2000,
historical_clip,Combined,prefix,B,0.8909590000000001,86,53,41,203478,20347,203478,20347,0.09999606837102783,0,True,87,57,241200,47848,214440,21088,87,0,64,64,23,6,0.09833986196605111,0.062231874308583214,0.13908846643154432,2000,0.8890547263681592,0.8312053730051295,0.9382847354287254,2000,0.735632183908046,0.6172839506172839,0.8505747126436781,2000,0.735632183908046,0.6172839506172839,0.8505747126436781,2000,0.135605478559474,0.08033364071028691,0.19862415865788946,2000,
historical_clip,Combined,prefix,both,,,,,,,,,,,,173,69,473472,96989,418327,41844,173,0,127,127,46,13,0.10002701236114332,0.06513999434581452,0.14534563047617716,2000,0.8835305994863477,0.8253259414108401,0.9283379179668982,2000,0.7341040462427746,0.6242365579670629,0.8333556149732619,2000,0.7341040462427746,0.6242365579670629,0.8333556149732619,2000,0.14657424399855765,0.08859866231815612,0.21857888731691577,2000,
historical_clip,Combined,full_tie_groups,A,0.899815,87,57,41,214835,21483,214835,21483,0.0999976726324854,0,True,86,53,232272,49141,203887,20756,86,0,63,63,23,7,0.10180148807918112,0.06687797720545495,0.1491028404829585,2000,0.8777941379072811,0.8165424141845639,0.9244307721368382,2000,0.7325581395348837,0.608680963572268,0.8400106382978723,2000,0.7325581395348837,0.608680963572268,0.8400106382978723,2000,0.1576705532218167,0.09350531942730866,0.24050709639079426,2000,
historical_clip,Combined,full_tie_groups,B,0.8909590000000001,86,53,41,203478,20347,203478,20347,0.09999606837102783,0,True,87,57,241200,47848,214440,21088,87,0,64,64,23,6,0.09833986196605111,0.062231874308583214,0.13908846643154432,2000,0.8890547263681592,0.8312053730051295,0.9382847354287254,2000,0.735632183908046,0.6172839506172839,0.8505747126436781,2000,0.735632183908046,0.6172839506172839,0.8505747126436781,2000,0.135605478559474,0.08033364071028691,0.19862415865788946,2000,
historical_clip,Combined,full_tie_groups,both,,,,,,,,,,,,173,69,473472,96989,418327,41844,173,0,127,127,46,13,0.10002701236114332,0.06513999434581452,0.14534563047617716,2000,0.8835305994863477,0.8253259414108401,0.9283379179668982,2000,0.7341040462427746,0.6242365579670629,0.8333556149732619,2000,0.7341040462427746,0.6242365579670629,0.8333556149732619,2000,0.14657424399855765,0.08859866231815612,0.21857888731691577,2000,
historical_clip,PraNet,prefix,A,0.897817,87,57,41,104777,10477,104777,10477,0.09999331914446873,0,True,86,53,116136,26299,99628,9791,86,0,63,63,23,10,0.09827558517685792,0.06536344571812534,0.14255320718791653,2000,0.8578563063993938,0.7866232384338369,0.9126183783064407,2000,0.7325581395348837,0.6025602409638554,0.8421200473092844,2000,0.7325581395348837,0.6025602409638554,0.8421200473092844,2000,0.166135275526893,0.09789582844275042,0.2532729629985104,2000,
historical_clip,PraNet,prefix,B,0.905745,86,53,41,99818,9981,99818,9981,0.09999198541345249,0,True,87,57,120600,26300,104973,10673,87,0,62,62,25,7,0.10167376372972098,0.06687998763305503,0.1412995856442576,2000,0.8704228855721393,0.7994484328107854,0.9284843089766681,2000,0.7126436781609196,0.5921052631578947,0.8295514990328821,2000,0.7126436781609196,0.5921052631578947,0.8295514990328821,2000,0.1476352258760543,0.08822571058780593,0.21914395737146422,2000,
historical_clip,PraNet,prefix,both,,,,,,,,,,,,173,69,236736,52599,204601,20464,173,0,125,125,48,17,0.10001906149041305,0.06742562388934424,0.1431212045273412,2000,0.8642580765071641,0.7943591602550765,0.9163046202926666,2000,0.7225433526011561,0.6104651162790697,0.8228649825783971,2000,0.7225433526011561,0.6104651162790697,0.8228649825783971,2000,0.15683178234988157,0.09645755780151781,0.23321308631632634,2000,
historical_clip,PraNet,full_tie_groups,A,0.897817,87,57,41,104777,10477,104777,10477,0.09999331914446873,0,True,86,53,116136,26299,99628,9791,86,0,63,63,23,10,0.09827558517685792,0.06536344571812534,0.14255320718791653,2000,0.8578563063993938,0.7866232384338369,0.9126183783064407,2000,0.7325581395348837,0.6025602409638554,0.8421200473092844,2000,0.7325581395348837,0.6025602409638554,0.8421200473092844,2000,0.166135275526893,0.09789582844275042,0.2532729629985104,2000,
historical_clip,PraNet,full_tie_groups,B,0.905745,86,53,41,99818,9981,99818,9981,0.09999198541345249,0,True,87,57,120600,26300,104973,10673,87,0,62,62,25,7,0.10167376372972098,0.06687998763305503,0.1412995856442576,2000,0.8704228855721393,0.7994484328107854,0.9284843089766681,2000,0.7126436781609196,0.5921052631578947,0.8295514990328821,2000,0.7126436781609196,0.5921052631578947,0.8295514990328821,2000,0.1476352258760543,0.08822571058780593,0.21914395737146422,2000,
historical_clip,PraNet,full_tie_groups,both,,,,,,,,,,,,173,69,236736,52599,204601,20464,173,0,125,125,48,17,0.10001906149041305,0.06742562388934424,0.1431212045273412,2000,0.8642580765071641,0.7943591602550765,0.9163046202926666,2000,0.7225433526011561,0.6104651162790697,0.8228649825783971,2000,0.7225433526011561,0.6104651162790697,0.8228649825783971,2000,0.15683178234988157,0.09645755780151781,0.23321308631632634,2000,
historical_clip,UACANet,prefix,A,0.901741,87,57,41,110057,11005,110057,11005,0.0999936396594492,0,True,86,53,116136,22842,104251,10957,86,0,63,63,23,6,0.10510210933228459,0.06562203304047934,0.1571163945414009,2000,0.8976630846593648,0.847763584458567,0.9378845486946781,2000,0.7325581395348837,0.6097560975609756,0.8395291568163907,2000,0.7325581395348837,0.6097560975609756,0.8395291568163907,2000,0.15324746600412587,0.08875369003529852,0.234644516066613,2000,
historical_clip,UACANet,prefix,B,0.874171,86,53,41,103660,10366,103660,10366,0.1,0,True,87,57,120600,21548,109504,10452,87,0,64,64,23,5,0.09544856808883694,0.05658160540242713,0.13931447563472885,2000,0.9079933665008292,0.86144939656491,0.9485857738077755,2000,0.735632183908046,0.625,0.8404376208897485,2000,0.735632183908046,0.625,0.8404376208897485,2000,0.1269290838796269,0.07386210858809127,0.18694606114021536,2000,
historical_clip,UACANet,prefix,both,,,,,,,,,,,,173,69,236736,44390,213755,21409,173,0,127,127,46,11,0.10015672148019929,0.06274019894942104,0.14744744186455375,2000,0.9029256217896728,0.8562961015564086,0.940178829637647,2000,0.7341040462427746,0.6290297220531548,0.8294151069518717,2000,0.7341040462427746,0.6290297220531548,0.8294151069518717,2000,0.14001221025365526,0.08374550711692043,0.20847011799379742,2000,
historical_clip,UACANet,full_tie_groups,A,0.901741,87,57,41,110057,11005,110057,11005,0.0999936396594492,0,True,86,53,116136,22842,104251,10957,86,0,63,63,23,6,0.10510210933228459,0.06562203304047934,0.1571163945414009,2000,0.8976630846593648,0.847763584458567,0.9378845486946781,2000,0.7325581395348837,0.6097560975609756,0.8395291568163907,2000,0.7325581395348837,0.6097560975609756,0.8395291568163907,2000,0.15324746600412587,0.08875369003529852,0.234644516066613,2000,
historical_clip,UACANet,full_tie_groups,B,0.874171,86,53,41,103660,10366,103660,10366,0.1,0,True,87,57,120600,21548,109504,10452,87,0,64,64,23,5,0.09544856808883694,0.05658160540242713,0.13931447563472885,2000,0.9079933665008292,0.86144939656491,0.9485857738077755,2000,0.735632183908046,0.625,0.8404376208897485,2000,0.735632183908046,0.625,0.8404376208897485,2000,0.1269290838796269,0.07386210858809127,0.18694606114021536,2000,
historical_clip,UACANet,full_tie_groups,both,,,,,,,,,,,,173,69,236736,44390,213755,21409,173,0,127,127,46,11,0.10015672148019929,0.06274019894942104,0.14744744186455375,2000,0.9029256217896728,0.8562961015564086,0.940178829637647,2000,0.7341040462427746,0.6290297220531548,0.8294151069518717,2000,0.7341040462427746,0.6290297220531548,0.8294151069518717,2000,0.14001221025365526,0.08374550711692043,0.20847011799379742,2000,
source_group,Combined,prefix,A,0.945352,88,35,0,221927,22192,221927,22192,0.09999684580965813,0,True,85,34,228784,52036,202631,25883,85,0,54,54,31,5,0.1277346506704305,0.07664351346183043,0.20165917798954858,2000,0.8856869361493811,0.8238023286205987,0.932031753145897,2000,0.6352941176470588,0.4624239864864865,0.7741935483870968,2000,0.6352941176470588,0.4624239864864865,0.7741935483870968,2000,0.1727377927818933,0.10246371884243015,0.26858222835522916,2000,
source_group,Combined,prefix,B,0.803233,85,34,0,196386,19638,196386,19638,0.09999694479239864,0,True,88,35,244688,44953,215969,16234,88,0,72,72,16,9,0.07516819543545601,0.038638369695126455,0.1275458068173966,2000,0.8826301248937423,0.7840922244492221,0.956079485585414,2000,0.8181818181818182,0.6666666666666666,0.9574543002697034,2000,0.8181818181818182,0.6666666666666666,0.9574543002697034,2000,0.12345049137012096,0.0414389666771096,0.23005032568267217,2000,
source_group,Combined,prefix,both,,,,,,,,,,,,173,69,473472,96989,418600,42117,173,0,126,126,47,14,0.10061395126612518,0.06700010535821023,0.14495638370536967,2000,0.8841071911327386,0.8215200232511563,0.9301422092247964,2000,0.7283236994219653,0.6166588050314465,0.8300653594771242,2000,0.7283236994219653,0.6166588050314465,0.8300653594771242,2000,0.14766679553197443,0.09039882507755927,0.21774028663290937,2000,
source_group,Combined,full_tie_groups,A,0.945352,88,35,0,221927,22192,221927,22192,0.09999684580965813,0,True,85,34,228784,52036,202631,25883,85,0,54,54,31,5,0.1277346506704305,0.07664351346183043,0.20165917798954858,2000,0.8856869361493811,0.8238023286205987,0.932031753145897,2000,0.6352941176470588,0.4624239864864865,0.7741935483870968,2000,0.6352941176470588,0.4624239864864865,0.7741935483870968,2000,0.1727377927818933,0.10246371884243015,0.26858222835522916,2000,
source_group,Combined,full_tie_groups,B,0.803233,85,34,0,196386,19638,196386,19638,0.09999694479239864,0,True,88,35,244688,44953,215969,16234,88,0,72,72,16,9,0.07516819543545601,0.038638369695126455,0.1275458068173966,2000,0.8826301248937423,0.7840922244492221,0.956079485585414,2000,0.8181818181818182,0.6666666666666666,0.9574543002697034,2000,0.8181818181818182,0.6666666666666666,0.9574543002697034,2000,0.12345049137012096,0.0414389666771096,0.23005032568267217,2000,
source_group,Combined,full_tie_groups,both,,,,,,,,,,,,173,69,473472,96989,418600,42117,173,0,126,126,47,14,0.10061395126612518,0.06700010535821023,0.14495638370536967,2000,0.8841071911327386,0.8215200232511563,0.9301422092247964,2000,0.7283236994219653,0.6166588050314465,0.8300653594771242,2000,0.7283236994219653,0.6166588050314465,0.8300653594771242,2000,0.14766679553197443,0.09039882507755927,0.21774028663290937,2000,
source_group,PraNet,prefix,A,0.952721,88,35,0,108546,10854,108546,10854,0.09999447238958598,0,True,85,34,114392,27947,99817,13372,85,0,53,53,32,6,0.1339651562359117,0.07919446132028972,0.2129449594745668,2000,0.8725872438632072,0.8021840173254232,0.9231306469078302,2000,0.6235294117647059,0.43243243243243246,0.77,2000,0.6235294117647059,0.43243243243243246,0.77,2000,0.18433248024466448,0.1112611404564085,0.2837742484545812,2000,
source_group,PraNet,prefix,B,0.796017,85,34,0,96050,9605,96050,9605,0.1,0,True,88,35,122344,24652,104988,7296,88,0,71,71,17,11,0.06949365641787633,0.04059732837727341,0.11114258680553361,2000,0.8581377100634278,0.7396981213181832,0.9443144443374539,2000,0.8068181818181818,0.6534653465346535,0.9450587084148727,2000,0.8068181818181818,0.6534653465346535,0.9450587084148727,2000,0.13262372714736242,0.046142509681209365,0.2509910344808167,2000,
source_group,PraNet,prefix,both,,,,,,,,,,,,173,69,236736,52599,204805,20668,173,0,124,124,49,17,0.10091550499255389,0.06819138327942806,0.14482570047341975,2000,0.8651197958907813,0.7921719291175965,0.9187840903395116,2000,0.7167630057803468,0.6021546961325968,0.8201159951159951,2000,0.7167630057803468,0.6021546961325968,0.8201159951159951,2000,0.15802976190615242,0.0977581724591718,0.23316041725785847,2000,
source_group,PraNet,full_tie_groups,A,0.952721,88,35,0,108546,10854,108546,10854,0.09999447238958598,0,True,85,34,114392,27947,99817,13372,85,0,53,53,32,6,0.1339651562359117,0.07919446132028972,0.2129449594745668,2000,0.8725872438632072,0.8021840173254232,0.9231306469078302,2000,0.6235294117647059,0.43243243243243246,0.77,2000,0.6235294117647059,0.43243243243243246,0.77,2000,0.18433248024466448,0.1112611404564085,0.2837742484545812,2000,
source_group,PraNet,full_tie_groups,B,0.796017,85,34,0,96050,9605,96050,9605,0.1,0,True,88,35,122344,24652,104988,7296,88,0,71,71,17,11,0.06949365641787633,0.04059732837727341,0.11114258680553361,2000,0.8581377100634278,0.7396981213181832,0.9443144443374539,2000,0.8068181818181818,0.6534653465346535,0.9450587084148727,2000,0.8068181818181818,0.6534653465346535,0.9450587084148727,2000,0.13262372714736242,0.046142509681209365,0.2509910344808167,2000,
source_group,PraNet,full_tie_groups,both,,,,,,,,,,,,173,69,236736,52599,204805,20668,173,0,124,124,49,17,0.10091550499255389,0.06819138327942806,0.14482570047341975,2000,0.8651197958907813,0.7921719291175965,0.9187840903395116,2000,0.7167630057803468,0.6021546961325968,0.8201159951159951,2000,0.7167630057803468,0.6021546961325968,0.8201159951159951,2000,0.15802976190615242,0.0977581724591718,0.23316041725785847,2000,
source_group,UACANet,prefix,A,0.9354750000000001,88,35,0,113381,11338,113381,11338,0.09999911801801008,0,True,85,34,114392,24089,102798,12495,85,0,56,56,29,4,0.1215490573746571,0.0710189436286287,0.19139133293822913,2000,0.8986467585145814,0.8446085375813234,0.9405248705841236,2000,0.6588235294117647,0.4939759036144578,0.7870419621749409,2000,0.6588235294117647,0.4939759036144578,0.7870419621749409,2000,0.1637435215369941,0.09322006451354016,0.25705779396596967,2000,
source_group,UACANet,prefix,B,0.811057,85,34,0,100336,10033,100336,10033,0.09999402009248924,0,True,88,35,122344,20301,110990,8947,88,0,72,72,16,6,0.08061086584376971,0.03550637475434689,0.14353292894311825,2000,0.9071961027921271,0.8292924161287212,0.9681509226464988,2000,0.8181818181818182,0.6705735294117646,0.9571428571428572,2000,0.8181818181818182,0.6705735294117646,0.9571428571428572,2000,0.118482380111934,0.03752644959557811,0.22060371290970218,2000,
source_group,UACANet,prefix,both,,,,,,,,,,,,173,69,236736,44390,213788,21442,173,0,128,128,45,10,0.10029561995996034,0.06401121574574177,0.14545681664218088,2000,0.9030650175723168,0.8534186909011205,0.9417969763500444,2000,0.7398843930635838,0.6349078341013824,0.8355263157894737,2000,0.7398843930635838,0.6349078341013824,0.8355263157894737,2000,0.1407205131820502,0.08528004306887409,0.20870474539328307,2000,
source_group,UACANet,full_tie_groups,A,0.9354750000000001,88,35,0,113381,11338,113381,11338,0.09999911801801008,0,True,85,34,114392,24089,102798,12495,85,0,56,56,29,4,0.1215490573746571,0.0710189436286287,0.19139133293822913,2000,0.8986467585145814,0.8446085375813234,0.9405248705841236,2000,0.6588235294117647,0.4939759036144578,0.7870419621749409,2000,0.6588235294117647,0.4939759036144578,0.7870419621749409,2000,0.1637435215369941,0.09322006451354016,0.25705779396596967,2000,
source_group,UACANet,full_tie_groups,B,0.811057,85,34,0,100336,10033,100336,10033,0.09999402009248924,0,True,88,35,122344,20301,110990,8947,88,0,72,72,16,6,0.08061086584376971,0.03550637475434689,0.14353292894311825,2000,0.9071961027921271,0.8292924161287212,0.9681509226464988,2000,0.8181818181818182,0.6705735294117646,0.9571428571428572,2000,0.8181818181818182,0.6705735294117646,0.9571428571428572,2000,0.118482380111934,0.03752644959557811,0.22060371290970218,2000,
source_group,UACANet,full_tie_groups,both,,,,,,,,,,,,173,69,236736,44390,213788,21442,173,0,128,128,45,10,0.10029561995996034,0.06401121574574177,0.14545681664218088,2000,0.9030650175723168,0.8534186909011205,0.9417969763500444,2000,0.7398843930635838,0.6349078341013824,0.8355263157894737,2000,0.7398843930635838,0.6349078341013824,0.8355263157894737,2000,0.1407205131820502,0.08528004306887409,0.20870474539328307,2000,
