configuration,weight_origin,repository,code_version,checkpoint_basename,checkpoint_sha256_recorded,digest_note,pretraining,task_training,validation,split_definition,split_manifest_sha256,checkpoint_selection,known_test_exposure,input_preprocessing,output_settings,remaining_unknowns
PraNet,Locally retrained task checkpoint; the released architecture or recipe was reused.,https://github.com/DengPingFan/PraNet,Not available in the reviewed checkpoint-specific records.,PraNet-best_val.pth,0cbfc884e47e024642a44a23d7a9c59370b847a9b5123d6fbbc6e24bce9b657b,"Previously recorded SHA-256, not a new verification of checkpoint bytes. The video evaluation record does not contain its own checkpoint digest.",Not available in the reviewed checkpoint-specific records. Backbone identity alone does not establish which pretrained weights were loaded.,"Reported study protocol: Kvasir-SEG, 720 images; CVC-ClinicDB, 440 images.","Reported study protocol: Kvasir-SEG, 180 images; CVC-ClinicDB, 110 images.",Per-image membership was generated with seed 20260817 and recorded in a frozen manifest. The manifest counts and hash were verified; whether each training loader used these exact members was not independently verified.,0695b3a4e79e819d1dfb8dc68a2c8b353fcf287a3c037892b36f0fc33e29f4c7,The checkpoint name indicates validation selection. The study protocol restricted selection to source validation; the actual selection code and selected epoch were not recovered.,"The recorded task-training protocol names Kvasir-SEG and CVC-ClinicDB, not SUN-SEG. Inference used all four SUN-SEG test partitions. Complete upstream training exposure and the exact training-loader membership were not independently excluded.",Not available in the reviewed checkpoint-specific records. The archived evaluation script calls a model-construction helper whose implementation was not recovered.,"Bilinear resizing to the reference-mask dimensions, align_corners=False; sigmoid; predicted foreground at probability > 0.5 and reference foreground at intensity > 128. Dice is 1 when both masks are empty and 0 when exactly one is empty.","Complete upstream pretraining membership, actual training-code binding, and any fields explicitly marked unavailable. Reported protocol membership is not proof of the execution history."
PVT-CASCADE,Locally retrained task checkpoint; the released architecture or recipe was reused.,https://github.com/SLDGroup/CASCADE,Not available in the reviewed checkpoint-specific records.,PolypPVT-CASCADE.pth,023e3d36f1178b6d7db1d7499040c61b4d59331f15cb91bd91bcb6dd758de974,"Previously recorded SHA-256, not a new verification of checkpoint bytes. The video evaluation record does not contain its own checkpoint digest.",Not available in the reviewed checkpoint-specific records. Backbone identity alone does not establish which pretrained weights were loaded.,"Reported study protocol: Kvasir-SEG, 720 images; CVC-ClinicDB, 440 images.","Reported study protocol: Kvasir-SEG, 180 images; CVC-ClinicDB, 110 images.",Per-image membership was generated with seed 20260817 and recorded in a frozen manifest. The manifest counts and hash were verified; whether each training loader used these exact members was not independently verified.,0695b3a4e79e819d1dfb8dc68a2c8b353fcf287a3c037892b36f0fc33e29f4c7,The study protocol restricted selection to source validation. The actual checkpoint-specific selection rule and selected epoch were not recovered.,"The recorded task-training protocol names Kvasir-SEG and CVC-ClinicDB, not SUN-SEG. Inference used all four SUN-SEG test partitions. Complete upstream training exposure and the exact training-loader membership were not independently excluded.",Not available in the reviewed checkpoint-specific records. The archived evaluation script calls a model-construction helper whose implementation was not recovered.,"Bilinear resizing to the reference-mask dimensions, align_corners=False; sigmoid; predicted foreground at probability > 0.5 and reference foreground at intensity > 128. Dice is 1 when both masks are empty and 0 when exactly one is empty.","Complete upstream pretraining membership, actual training-code binding, and any fields explicitly marked unavailable. Reported protocol membership is not proof of the execution history."
TransNetR,Locally retrained task checkpoint; the released architecture or recipe was reused.,Not available in the reviewed checkpoint-specific records.,Not available in the reviewed checkpoint-specific records.,checkpoint.pth,d673efb9c66360106d0064644e856d55f3f0b882d7527e08770bd80ba1ecb6c9,"Previously recorded SHA-256, not a new verification of checkpoint bytes. The video evaluation record does not contain its own checkpoint digest.",Not available in the reviewed checkpoint-specific records. Backbone identity alone does not establish which pretrained weights were loaded.,"Reported study protocol: Kvasir-SEG, 720 images; CVC-ClinicDB, 440 images.","Reported study protocol: Kvasir-SEG, 180 images; CVC-ClinicDB, 110 images.",Per-image membership was generated with seed 20260817 and recorded in a frozen manifest. The manifest counts and hash were verified; whether each training loader used these exact members was not independently verified.,0695b3a4e79e819d1dfb8dc68a2c8b353fcf287a3c037892b36f0fc33e29f4c7,The study protocol restricted selection to source validation. The actual checkpoint-specific selection rule and selected epoch were not recovered.,"The recorded task-training protocol names Kvasir-SEG and CVC-ClinicDB, not SUN-SEG. Inference used all four SUN-SEG test partitions. Complete upstream training exposure and the exact training-loader membership were not independently excluded.",256 x 256; OpenCV BGR channels; divide by 255; no ImageNet normalization.,"Bilinear resizing to the reference-mask dimensions, align_corners=False; sigmoid; predicted foreground at probability > 0.5 and reference foreground at intensity > 128. Dice is 1 when both masks are empty and 0 when exactly one is empty.","Complete upstream pretraining membership, actual training-code binding, and any fields explicitly marked unavailable. Reported protocol membership is not proof of the execution history."
SANet,Locally retrained task checkpoint; the released architecture or recipe was reused.,https://github.com/weijun-arc/SANet,Not available in the reviewed checkpoint-specific records.,SANet-best_val.pth,3916a884f754f494a41ba072993309199d8073652cecce12f822163ed75d7154,"Previously recorded SHA-256, not a new verification of checkpoint bytes. The video evaluation record does not contain its own checkpoint digest.",Not available in the reviewed checkpoint-specific records. Backbone identity alone does not establish which pretrained weights were loaded.,"Reported study protocol: Kvasir-SEG, 720 images; CVC-ClinicDB, 440 images.","Reported study protocol: Kvasir-SEG, 180 images; CVC-ClinicDB, 110 images.",Per-image membership was generated with seed 20260817 and recorded in a frozen manifest. The manifest counts and hash were verified; whether each training loader used these exact members was not independently verified.,0695b3a4e79e819d1dfb8dc68a2c8b353fcf287a3c037892b36f0fc33e29f4c7,"Best source-validation Dice, reported as 0.9301 after 128 training epochs. The selected epoch was not recovered.","The recorded task-training protocol names Kvasir-SEG and CVC-ClinicDB, not SUN-SEG. Inference used all four SUN-SEG test partitions. Complete upstream training exposure and the exact training-loader membership were not independently excluded.",Not available in the reviewed checkpoint-specific records. The archived evaluation script calls a model-construction helper whose implementation was not recovered.,"Bilinear resizing to the reference-mask dimensions, align_corners=False; sigmoid; predicted foreground at probability > 0.5 and reference foreground at intensity > 128. Dice is 1 when both masks are empty and 0 when exactly one is empty. Upstream test-time logit rescaling was omitted.","Complete upstream pretraining membership, actual training-code binding, and any fields explicitly marked unavailable. Reported protocol membership is not proof of the execution history."
FCBFormer,Locally retrained task checkpoint; the released architecture or recipe was reused.,https://github.com/ESandML/FCBFormer,c353199 (recorded short commit),FCBFormer_P1X.pt,5909e27a089284d7b2e270aa06518d35a2e8d97ed4306b56b68a292acbc976a7,"Previously recorded SHA-256, not a new verification of checkpoint bytes. The video evaluation record does not contain its own checkpoint digest.",PVTv2-B3 initialization; recorded SHA-256 48b51a06db85a1fec0520028592561ffc29ea4e975f2a7f5b7acacbfca03f143. The initializer training-image census was not independently established.,"Reported study protocol: Kvasir-SEG, 720 images; CVC-ClinicDB, 440 images.","Reported study protocol: Kvasir-SEG, 180 images; CVC-ClinicDB, 110 images.",Per-image membership was generated with seed 20260817 and recorded in a frozen manifest. The manifest counts and hash were verified; whether each training loader used these exact members was not independently verified.,0695b3a4e79e819d1dfb8dc68a2c8b353fcf287a3c037892b36f0fc33e29f4c7,"Best source-validation Dice, reported as 0.947586 after 200 epochs; training seed 42.","The recorded task-training protocol names Kvasir-SEG and CVC-ClinicDB, not SUN-SEG. Inference used all four SUN-SEG test partitions. Complete upstream training exposure and the exact training-loader membership were not independently excluded.",352 x 352; PIL antialias resize; channel normalization with mean 0.5 and standard deviation 0.5.,"Bilinear resizing to the reference-mask dimensions, align_corners=False; sigmoid; predicted foreground at probability > 0.5 and reference foreground at intensity > 128. Dice is 1 when both masks are empty and 0 when exactly one is empty. A single logit map was used.","Complete upstream pretraining membership, actual training-code binding, and any fields explicitly marked unavailable. Reported protocol membership is not proof of the execution history."
MEGANet,Locally retrained task checkpoint; the released architecture or recipe was reused.,https://github.com/UARK-AICV/MEGANet,Not available in the reviewed checkpoint-specific records.,MEGANet-best.pth,4114928e31b08f5698c5fb20cad6553349a490ad0236c70fa19c6a48154973d0,"Previously recorded SHA-256, not a new verification of checkpoint bytes. The video evaluation record does not contain its own checkpoint digest.",Not available in the reviewed checkpoint-specific records. Backbone identity alone does not establish which pretrained weights were loaded.,"Reported study protocol: Kvasir-SEG, 720 images; CVC-ClinicDB, 440 images.","Reported study protocol: Kvasir-SEG, 180 images; CVC-ClinicDB, 110 images.",Per-image membership was generated with seed 20260817 and recorded in a frozen manifest. The manifest counts and hash were verified; whether each training loader used these exact members was not independently verified.,0695b3a4e79e819d1dfb8dc68a2c8b353fcf287a3c037892b36f0fc33e29f4c7,The study protocol restricted selection to source validation. The actual checkpoint-specific selection rule and selected epoch were not recovered.,"The recorded task-training protocol names Kvasir-SEG and CVC-ClinicDB, not SUN-SEG. Inference used all four SUN-SEG test partitions. Complete upstream training exposure and the exact training-loader membership were not independently excluded.",Not available in the reviewed checkpoint-specific records. The archived evaluation script calls a model-construction helper whose implementation was not recovered.,"Bilinear resizing to the reference-mask dimensions, align_corners=False; sigmoid; predicted foreground at probability > 0.5 and reference foreground at intensity > 128. Dice is 1 when both masks are empty and 0 when exactly one is empty. Per-image min-max rescaling used by the upstream test recipe was omitted.","Complete upstream pretraining membership, actual training-code binding, and any fields explicitly marked unavailable. Reported protocol membership is not proof of the execution history."
PolypPVT,Locally retrained task checkpoint; the released architecture or recipe was reused.,https://github.com/DengPingFan/Polyp-PVT,cd71fbf9fcd8c32cc0f33699f4e0186073c64dc4,PolypPVT.pth,c558091bc4556e94d517150f5a6cf3fed276036a3aa4bbea5631327adebd3cb1,"Previously recorded SHA-256, not a new verification of checkpoint bytes. The video evaluation record does not contain its own checkpoint digest.",PVTv2-B2 ImageNet initialization is reported; recorded SHA-256 ee1784c0f0a0fbc359455a6cb0796349cd39fce335e7bc20cc7f0a2568849d97.,"Reported study protocol: Kvasir-SEG, 720 images; CVC-ClinicDB, 440 images.","Reported study protocol: Kvasir-SEG, 180 images; CVC-ClinicDB, 110 images.",Per-image membership was generated with seed 20260817 and recorded in a frozen manifest. The manifest counts and hash were verified; whether each training loader used these exact members was not independently verified.,0695b3a4e79e819d1dfb8dc68a2c8b353fcf287a3c037892b36f0fc33e29f4c7,"Best source-validation Dice, reported as 0.9436858621; epoch 89 of 99 executed epochs; training seed 42.","The recorded task-training protocol names Kvasir-SEG and CVC-ClinicDB, not SUN-SEG. Inference used all four SUN-SEG test partitions. Complete upstream training exposure and the exact training-loader membership were not independently excluded.",Not available in the reviewed checkpoint-specific records. The archived evaluation script calls a model-construction helper whose implementation was not recovered.,"Bilinear resizing to the reference-mask dimensions, align_corners=False; sigmoid; predicted foreground at probability > 0.5 and reference foreground at intensity > 128. Dice is 1 when both masks are empty and 0 when exactly one is empty. The two prediction heads were summed.","Complete upstream pretraining membership, actual training-code binding, and any fields explicitly marked unavailable. Reported protocol membership is not proof of the execution history."
CTNet,Locally retrained task checkpoint; the released architecture or recipe was reused.,Not available in the reviewed checkpoint-specific records.,Not available in the reviewed checkpoint-specific records.,best_val.pth,07bbc240ff8ce7da38ba8b2fa2c4895b64af16d7a316a6168d43bca06409424d,"Previously recorded SHA-256, not a new verification of checkpoint bytes. The video evaluation record does not contain its own checkpoint digest.",Not available in the reviewed checkpoint-specific records. Backbone identity alone does not establish which pretrained weights were loaded.,"Reported study protocol: Kvasir-SEG, 720 images; CVC-ClinicDB, 440 images.","Reported study protocol: Kvasir-SEG, 180 images; CVC-ClinicDB, 110 images.",Per-image membership was generated with seed 20260817 and recorded in a frozen manifest. The manifest counts and hash were verified; whether each training loader used these exact members was not independently verified.,0695b3a4e79e819d1dfb8dc68a2c8b353fcf287a3c037892b36f0fc33e29f4c7,The checkpoint name indicates validation selection. The study protocol restricted selection to source validation; the actual selection code and selected epoch were not recovered.,"The recorded task-training protocol names Kvasir-SEG and CVC-ClinicDB, not SUN-SEG. Inference used all four SUN-SEG test partitions. Complete upstream training exposure and the exact training-loader membership were not independently excluded.",Not available in the reviewed checkpoint-specific records. The archived evaluation script calls a model-construction helper whose implementation was not recovered.,"Bilinear resizing to the reference-mask dimensions, align_corners=False; sigmoid; predicted foreground at probability > 0.5 and reference foreground at intensity > 128. Dice is 1 when both masks are empty and 0 when exactly one is empty. Per-image min-max rescaling used by the upstream test recipe was omitted.","Complete upstream pretraining membership, actual training-code binding, and any fields explicitly marked unavailable. Reported protocol membership is not proof of the execution history."
HarD-MSEG,Locally retrained task checkpoint; the released architecture or recipe was reused.,https://github.com/james128333/HarDNet-MSEG,aac1c4b5d2fdbc80bc8fe21a5377af2d202a0348 reference checkout; the actual training checkout was not independently identified,HarD-MSEG-best.pth,e037df8a8db130f2b21407833e1b5538c2f3930ceddd7a258e2905048e8bde24,"Previously recorded SHA-256, not a new verification of checkpoint bytes. The video evaluation record does not contain its own checkpoint digest.",Not available in the reviewed checkpoint-specific records. Backbone identity alone does not establish which pretrained weights were loaded.,"Reported study protocol: Kvasir-SEG, 720 images; CVC-ClinicDB, 440 images.","Reported study protocol: Kvasir-SEG, 180 images; CVC-ClinicDB, 110 images.",Per-image membership was generated with seed 20260817 and recorded in a frozen manifest. The manifest counts and hash were verified; whether each training loader used these exact members was not independently verified.,0695b3a4e79e819d1dfb8dc68a2c8b353fcf287a3c037892b36f0fc33e29f4c7,The study protocol restricted selection to source validation. The actual checkpoint-specific selection rule and selected epoch were not recovered.,"The recorded task-training protocol names Kvasir-SEG and CVC-ClinicDB, not SUN-SEG. Inference used all four SUN-SEG test partitions. Complete upstream training exposure and the exact training-loader membership were not independently excluded.",Not available in the reviewed checkpoint-specific records. The archived evaluation script calls a model-construction helper whose implementation was not recovered.,"Bilinear resizing to the reference-mask dimensions, align_corners=False; sigmoid; predicted foreground at probability > 0.5 and reference foreground at intensity > 128. Dice is 1 when both masks are empty and 0 when exactly one is empty. Per-image min-max rescaling used by the upstream test recipe was omitted.","Complete upstream pretraining membership, actual training-code binding, and any fields explicitly marked unavailable. Reported protocol membership is not proof of the execution history."
BGANet,Locally retrained task checkpoint; the released architecture or recipe was reused.,Not available in the reviewed checkpoint-specific records.,Not available in the reviewed checkpoint-specific records.,model_weight(EPOCH 200).pth.tar,e19fc0f284c934abc1c38e665de4f9dcd9be687656ce04bc62fc5450564038fb,"Previously recorded SHA-256, not a new verification of checkpoint bytes. The video evaluation record does not contain its own checkpoint digest.",Not available in the reviewed checkpoint-specific records. Backbone identity alone does not establish which pretrained weights were loaded.,"Reported study protocol: Kvasir-SEG, 720 images; CVC-ClinicDB, 440 images.","Reported study protocol: Kvasir-SEG, 180 images; CVC-ClinicDB, 110 images.",Per-image membership was generated with seed 20260817 and recorded in a frozen manifest. The manifest counts and hash were verified; whether each training loader used these exact members was not independently verified.,0695b3a4e79e819d1dfb8dc68a2c8b353fcf287a3c037892b36f0fc33e29f4c7,"Final epoch 200, according to the archived training summary and checkpoint name.","The recorded task-training protocol names Kvasir-SEG and CVC-ClinicDB, not SUN-SEG. Inference used all four SUN-SEG test partitions. Complete upstream training exposure and the exact training-loader membership were not independently excluded.",The training configuration names 256 x 256 inputs. The actual inference preprocessing implementation was not recovered.,"Bilinear resizing to the reference-mask dimensions, align_corners=False; sigmoid; predicted foreground at probability > 0.5 and reference foreground at intensity > 128. Dice is 1 when both masks are empty and 0 when exactly one is empty.","Complete upstream pretraining membership, actual training-code binding, and any fields explicitly marked unavailable. Reported protocol membership is not proof of the execution history."
EAT,Locally retrained task checkpoint; the released architecture or recipe was reused.,https://github.com/deepang-ai/EAT,Not available in the reviewed checkpoint-specific records.,model.safetensors,1bb1fc7931300a1e5e336253e01303ae00cbed727f18e2ba3043aa8af8391217,"Previously recorded SHA-256, not a new verification of checkpoint bytes. The video evaluation record does not contain its own checkpoint digest.",Not available in the reviewed checkpoint-specific records. Backbone identity alone does not establish which pretrained weights were loaded.,"Reported study protocol: Kvasir-SEG, 720 images; CVC-ClinicDB, 440 images.","Reported study protocol: Kvasir-SEG, 180 images; CVC-ClinicDB, 110 images.",Per-image membership was generated with seed 20260817 and recorded in a frozen manifest. The manifest counts and hash were verified; whether each training loader used these exact members was not independently verified.,0695b3a4e79e819d1dfb8dc68a2c8b353fcf287a3c037892b36f0fc33e29f4c7,Stored in a best-checkpoint directory. The study protocol restricted selection to source validation; the actual selection code and selected epoch were not recovered.,"The recorded task-training protocol names Kvasir-SEG and CVC-ClinicDB, not SUN-SEG. Inference used all four SUN-SEG test partitions. Complete upstream training exposure and the exact training-loader membership were not independently excluded.",352 x 352; normalization followed by nearest-neighbor resizing. Exact normalization constants were not recovered.,"Bilinear resizing to the reference-mask dimensions, align_corners=False; sigmoid; predicted foreground at probability > 0.5 and reference foreground at intensity > 128. Dice is 1 when both masks are empty and 0 when exactly one is empty.","Complete upstream pretraining membership, actual training-code binding, and any fields explicitly marked unavailable. Reported protocol membership is not proof of the execution history."
HAT-SAM3,Locally retrained task checkpoint; the released architecture or recipe was reused.,https://github.com/HaoLi12345/polyp + facebookresearch/sam3 training/data modules,51b0819 (HAT short commit); supplementary SAM3 module commit unavailable,checkpoint.pt,a32649bec1282c2da8966f0e700a8eaca57237a63a3fcf893a58b7bceb3981b2,"Previously recorded SHA-256, not a new verification of checkpoint bytes. The video evaluation record does not contain its own checkpoint digest.",SAM3 initialization from https://huggingface.co/Justin331/sam3 ; recorded SHA-256 9999e2341ceef5e136daa386eecb55cb414446a00ac2b55eb2dfd2f7c3cf8c9e. The complete upstream pretraining-image census was not available.,"Reported study protocol: Kvasir-SEG, 720 images; CVC-ClinicDB, 440 images.","Reported study protocol: Kvasir-SEG, 180 images; CVC-ClinicDB, 110 images.",Per-image membership was generated with seed 20260817 and recorded in a frozen manifest. The manifest counts and hash were verified; whether each training loader used these exact members was not independently verified.,0695b3a4e79e819d1dfb8dc68a2c8b353fcf287a3c037892b36f0fc33e29f4c7,"A 30-epoch phase1c endpoint is reported, with checkpoint saving every 10 epochs. The exact ranking or overwrite rule was not recovered.","The recorded task-training protocol names Kvasir-SEG and CVC-ClinicDB, not SUN-SEG. Inference used all four SUN-SEG test partitions. Complete upstream training exposure and the exact training-loader membership were not independently excluded. Before fine-tuning, a base-model functionality check used 15 static benchmark test images, three from each of five datasets; this documented check did not use SUN-SEG images.","1008 x 1008, using the phase1c recipe. The complete inference preprocessing implementation was not recovered.","Bilinear resizing to the reference-mask dimensions, align_corners=False; sigmoid; predicted foreground at probability > 0.5 and reference foreground at intensity > 128. Dice is 1 when both masks are empty and 0 when exactly one is empty.","Complete upstream pretraining membership, actual training-code binding, and any fields explicitly marked unavailable. Reported protocol membership is not proof of the execution history."
"MAST, local paired-frame adaptation",Locally retrained task checkpoint; the released architecture or recipe was reused.,https://github.com/Junqing-Yang/MAST,Reference source version bf42579cc8ff3db7c5fc07eb668e567bbceea53f (unpatched); reported training-script SHA256 6042adc9eeb191896cf92ce72ba4c5c690d33bb651f0064dac6a04c56d1101a1; strict patch f2fa1d7d33f90d8dc258872ad1b0af743d4285e1601c3beb85ea484710f45278,best_MAST_checkpoint_epoch_40.pth,40969626dc7bec1131247b8117e9a91d73d0cb5f0d5a717b848cc060dd787a9e,"Previously recorded SHA-256 from the training/evaluation report, not a new verification of checkpoint bytes. A machine-readable binding between the analyzed maps and this checkpoint was not recovered.",PVTv2-B2 ImageNet initialization is reported; recorded SHA-256 ee1784c0f0a0fbc359455a6cb0796349cd39fce335e7bc20cc7f0a2568849d97.,SUN-SEG training data are expected from the reference code. The executed training membership and sample counts were not recovered.,The execution report states that validation was disabled throughout training. The complete training membership was not recovered.,The completed run membership manifest was not available; a configuration template cannot establish actual sample membership.,Not available.,The selected file is named best_MAST_checkpoint_epoch_40.pth; training completed 40 epochs without validation scoring. A template specified final-epoch selection. The relationship between the reported best and final checkpoint files remains unresolved; their recorded file hashes differ. No test-based selection is reported.,"Inference covered all 173 SUN-SEG test clips and 29,592 frames. The exclusion of those exact images from training was not independently verified. Past/current pairing establishes an input-time restriction, not independence of training and test data.","352 x 352 is recorded in the reference configuration. Each input pair uses frames [max(t-2,0), t], with current-frame supervision. Exact executed input normalization was not recovered.","The current-branch output model(reference,current)[1][3] was passed through sigmoid, resized to the reference-mask dimensions, and stored as uint8 probability. The archived maps were scored at a fixed 0.5 threshold without per-image min-max rescaling. The separate author-compatible threshold-sweep results are not substituted for these measurements.",Executed training membership and sample counts; resolved selection rule; full inference preprocessing; machine-readable linkage from the analyzed maps to the recorded checkpoint.
